{
  "min_vol": 750,
  "trade_amt": 0.9999993162977331,
  "vol_decay": 0.99999,
  "buy_factor": 0.9522502047226314,
  "sell_factor": 0.979768931297741
}