{
  "min_vol": 198.20096954301656,
  "trade_amt": 0.39618804377528166,
  "min_trade": 0.014379491004498448,
  "cooldown": 2.807876801282818,
  "crash": 9.957852387589577,
  "sell_for_less": 8.371654388679731,
  "buy_for_more": 8.708029015245927,
  "vol_reset": 4651.512633856932
}