{
  "min_vol": 300.3578297143531,
  "trade_amt": 0.75926812078621976,
  "vol_decay": 0.997
}