{
  "min_vol": 750,
  "trade_amt": 0.9999863171085893,
  "vol_decay": 0.99999,
  "buy_factor": 0.9522447542352409,
  "sell_factor": 0.9797924266171366
}