{
  "min_vol": 300.3578297143531,
  "trade_amt": 0.75926812078621976,
  "min_trade": 0.012661461151626908,
  "cooldown": 2.491769530452255,
  "crash": 3.058525462197976,
  "sell_for_less": 3.324465655009563,
  "buy_for_more": 0.700965991981604,
  "vol_reset": 2000.5022461702383,
  "vol_decay": 0.999991
}