{
  "min_vol": 193.9208826004112,
  "trade_amt": 0.45509571178036573,
  "min_trade": 0.016065007198124988,
  "cooldown": 0.9295416634193115,
  "crash": 7.536002153947,
  "sell_for_less": 0.09511973407965608,
  "buy_for_more": 8.598176816788532,
  "vol_reset": 1445.3443554366183
}