{
  "min_vol": 194.46834153035536,
  "trade_amt": 0.5322093796696838,
  "min_trade": 0.011575269578885702,
  "cooldown": -86.3306668637152,
  "crash": 25.29094556352001,
  "sell_for_less": 0.09262273368386172,
  "buy_for_more": 0.3812779674258673,
  "vol_reset": 1445.3443554366183
}