{
  "min_vol": 194.0730494520607,
  "trade_amt": 0.45509571178036573,
  "min_trade": 0.015657577524025638,
  "cooldown": 0.40843370268457746,
  "crash": 9.693248272877659,
  "sell_for_less": 0.09511973407965608,
  "buy_for_more": 8.758972217728074,
  "vol_reset": 1445.3443554366183
}