{
  "min_vol": 750,
  "trade_amt": 0.8508807155542438,
  "vol_decay": 0.99999,
  "buy_factor": 0.9114185,
  "sell_factor": 1
}