{
  "min_vol": 198.20096954301656,
  "trade_amt": 0.39618804377528166,
  "min_trade": 0.010655380735137146,
  "cooldown": 2.807876801282818,
  "crash": 9.524435568916177,
  "sell_for_less": 8.25312134702411,
  "buy_for_more": 8.259601737523433,
  "vol_reset": 4651.512633856932
}