{
  "min_vol": 750,
  "trade_amt": 0.9954518210940727,
  "vol_decay": 0.99999,
  "buy_factor": 0.9522447542352409,
  "sell_factor": 0.9793297021464806
}