{
  "min_vol": 193.9208826004112,
  "trade_amt": 0.45509571178036573,
  "min_trade": 0.015183722207531974,
  "cooldown": 2.955756963428735,
  "crash": 9.517183280985977,
  "sell_for_less": 5.278984337535669,
  "buy_for_more": 8.426473512390354,
  "vol_reset": 2879.719145224794
}