{
  "min_vol": 193.9208826004112,
  "trade_amt": 0.45509571178036573,
  "min_trade": 0.015183722207531974,
  "cooldown": 0.8328609650173228,
  "crash": 6.900030463628648,
  "sell_for_less": 1.1324318784981449,
  "buy_for_more": 6.89540300129658,
  "vol_reset": 1445.3443554366183
}