{
  "min_vol": 184.99915280815733,
  "trade_amt": 0.5505429031240311,
  "min_trade": 0.01,
  "cooldown": -20.395898410378877,
  "crash": 20.33168449450156,
  "sell_for_less": 0.0972229224468457,
  "buy_for_more": 0.17934272019009562,
  "vol_reset": 1445.3443554366183
}