{
  "min_vol": 190.85906966960903,
  "trade_amt": 0.45926812078621976,
  "min_trade": 0.014151023316126488,
  "cooldown": 2.9979928816344334,
  "crash": 2.708591982482934,
  "sell_for_less": 3.6326697407177435,
  "buy_for_more": 0.7657125014822869,
  "vol_reset": 4297.508060751707
}
