{
  "min_vol": 193.9208826004112,
  "trade_amt": 0.45509571178036573,
  "min_trade": 0.015257404089007873,
  "cooldown": 2.807876801282818,
  "crash": 8.467037274657441,
  "sell_for_less": 9.90182348700748,
  "buy_for_more": 7.535812304553466,
  "vol_reset": 2879.719145224794
}