{
  "min_vol": 193.9208826004112,
  "trade_amt": 0.45509571178036573,
  "min_trade": 0.015257404089007873,
  "cooldown": 2.8687670592921877,
  "crash": 9.886115910261934,
  "sell_for_less": 7.79659721981087,
  "buy_for_more": 8.927133427074825,
  "vol_reset": 2879.719145224794
}