{
  "min_vol": 193.9208826004112,
  "trade_amt": 0.45509571178036573,
  "min_trade": 0.015216297491486513,
  "cooldown": 2.6620246551250526,
  "crash": 9.198617023870462,
  "sell_for_less": 7.940004305366679,
  "buy_for_more": 8.750780730277052,
  "vol_reset": 2879.719145224794
}