{
  "min_vol": 200.692748186545,
  "trade_amt": 0.39618804377528166,
  "min_trade": 0.0143871810245875,
  "cooldown": 3.0983683723643227,
  "crash": 9.135423320297608,
  "sell_for_less": 7.9475778855545425,
  "buy_for_more": 9.746484566219522,
  "vol_reset": 4651.512633856932
}