{
  "min_vol": 351.65706457066585,
  "trade_amt": 0.9529457264179121,
  "vol_decay": 0.997
}