{
  "min_vol": 193.9208826004112,
  "trade_amt": 0.45509571178036573,
  "min_trade": 0.015183722207531974,
  "cooldown": 2.5438150741080916,
  "crash": 7.793530801295132,
  "sell_for_less": 1.4524781364375987,
  "buy_for_more": 7.831113710724327,
  "vol_reset": 2879.719145224794
}