{
  "min_vol": 194.46834153035536,
  "trade_amt": 0.45509571178036573,
  "min_trade": 0.01606973176748715,
  "cooldown": 0,
  "crash": 10,
  "sell_for_less": 0.09435017058917852,
  "buy_for_more": 10,
  "vol_reset": 1445.3443554366183
}