{
  "min_vol": 194.46834153035536,
  "trade_amt": 0.5322093796696838,
  "min_trade": 0.011575269578885702,
  "cooldown": -44.58465255949954,
  "crash": 31.17710072428095,
  "sell_for_less": 0.09262273368386172,
  "buy_for_more": 0.2451481859518173,
  "vol_reset": 1445.3443554366183
}