{
  "min_vol": 193.9208826004112,
  "trade_amt": 0.45509571178036573,
  "min_trade": 0.015183722207531974,
  "cooldown": 2.9820496114286525,
  "crash": 8.876919045882051,
  "sell_for_less": 7.642677477141626,
  "buy_for_more": 9.823796988246029,
  "vol_reset": 2879.719145224794
}