{
  "min_vol": 193.9208826004112,
  "trade_amt": 0.45509571178036573,
  "min_trade": 0.015183722207531974,
  "cooldown": 2.5438150741080916,
  "crash": 7.800243129514996,
  "sell_for_less": 2.0529477727754952,
  "buy_for_more": 9.653289131209918,
  "vol_reset": 2879.719145224794
}