{
  "min_vol": 194.0730494520607,
  "trade_amt": 0.45509571178036573,
  "min_trade": 0.016026859585357846,
  "cooldown": 1,
  "crash": 9.497775665399718,
  "sell_for_less": 0.09435017058917852,
  "buy_for_more": 9.975102338743328,
  "vol_reset": 1445.3443554366183
}