{
  "min_vol": 193.9208826004112,
  "trade_amt": 0.45509571178036573,
  "min_trade": 0.015257404089007873,
  "cooldown": 3.3072322590487686,
  "crash": 6.679737841280226,
  "sell_for_less": 8.6187655823732,
  "buy_for_more": 8.112953642954805,
  "vol_reset": 2879.719145224794
}