{
  "min_vol": 194.0730494520607,
  "trade_amt": 0.45509571178036573,
  "min_trade": 0.015490132786061815,
  "cooldown": 1.1990213147543027,
  "crash": 8.38862163780647,
  "sell_for_less": 0.09511973407965608,
  "buy_for_more": 9.308431416914607,
  "vol_reset": 1445.3443554366183
}