{
  "min_vol": 190.85906966960903,
  "trade_amt": 0.45926812078621976,
  "min_trade": 0.014151023316126488,
  "cooldown": 2.7604178954829033,
  "crash": 3.058525462197976,
  "sell_for_less": 3.282322904785248,
  "buy_for_more": 0.700965991981604,
  "vol_reset": 4297.508060751707
}