{
  "min_vol": 750,
  "trade_amt": 0.9928437508945808,
  "vol_decay": 0.99999,
  "buy_factor": 0.9114185,
  "sell_factor": 0.9793297021464806
}