{
  "min_vol": 312.352269428581,
  "trade_amt": 0.9644708048577173,
  "vol_decay": 0.997
}
