{
  "min_vol": 193.9208826004112,
  "trade_amt": 0.45509571178036573,
  "min_trade": 0.015257404089007873,
  "cooldown": 2.807876801282818,
  "crash": 9.886115910261934,
  "sell_for_less": 9.5365109036221,
  "buy_for_more": 8.927133427074825,
  "vol_reset": 2879.719145224794
}