{
  "min_vol": 193.9208826004112,
  "trade_amt": 0.45509571178036573,
  "min_trade": 0.015183722207531974,
  "cooldown": 2.5438150741080916,
  "crash": 8.915961767076057,
  "sell_for_less": 2.93575546424281,
  "buy_for_more": 9.653289131209918,
  "vol_reset": 1445.3443554366183
}